"","temperature"
"1",22
"2",22.8
"3",22.9
"4",22.5
"5",22.5
"6",22
"7",21.9
"8",21.9
"9",22.3
"10",22.5
"11",22.4
"12",21.9
"13",21.5
"14",21.5
"15",21.3
"16",21
"17",21
"18",21
"19",21
"20",20.5
"21",20.5
"22",20.2
"23",20
"24",20
"25",20
"26",20
"27",19.9
"28",19.9
"29",20
"30",20.7
"31",22.1
"32",22.3
"33",30
"34",30.9
"35",31.6
"36",32.3
"37",35.1
"38",35.2
"39",35.1
"40",35
"41",30.8
"42",31
"43",31
"44",30.9
"45",30.6
"46",32
"47",32
"48",32
"49",32
"50",32.1
"51",32.8
"52",33.7
"53",34
"54",34
"55",34
"56",33.8
"57",33.2
"58",33
"59",32.5
"60",32
"61",31.1
"62",30.1
"63",28.9
"64",28.1
"65",27.7
"66",27.1
"67",26.7
"68",26.5
"69",26
"70",26
"71",25.6
"72",25.5
"73",25.3
"74",24.6
"75",24.1
"76",22.6
"77",22.5
"78",23
"79",23
"80",22.2
"81",21.2
"82",21.5
"83",22.5
"84",22.6
"85",22.9
"86",22.5
"87",22.1
"88",21.8
"89",21.8
"90",22
"91",22.4
"92",22.4
"93",22.5
"94",22.5
"95",22.5
"96",22.5
"97",22.5
"98",22.5
"99",22.2
"100",22
"101",22
"102",21.8
"103",21.8
"104",21.6
"105",21.6
"106",21.5
"107",21.5
"108",21.5
"109",21.5
"110",21.5
"111",21.5
"112",21.5
"113",21.5
"114",21.5
"115",21.5
"116",21.5
"117",21.5
"118",21.5
"119",21.5
"120",21.5
"121",21.5
"122",21.9
"123",22.4
"124",24.4
"125",26.8
"126",28
"127",28.8
"128",29.8
"129",30.7
"130",31.7
"131",32.4
"132",32.8
"133",33
"134",33.5
"135",34
"136",33.7
"137",33.2
"138",33
"139",33
"140",32.8
"141",32.5
"142",32.5
"143",32
"144",32.2
"145",32.4
"146",32.2
"147",30.8
"148",30.3
"149",30
"150",30
"151",30
"152",30
"153",30.5
"154",30.5
"155",30.5
"156",30.5
"157",30.5
"158",30.5
"159",31
"160",31
"161",31
"162",31
"163",31
"164",31.2
"165",31.5
"166",31.7
"167",32
"168",32.2
"169",32.3
"170",32.5
"171",33
"172",33
"173",32.8
"174",32.8
"175",33.2
"176",33.2
"177",33
"178",33.3
"179",33.5
"180",34
"181",34
"182",33.8
"183",33.5
"184",33.2
"185",33
"186",33
"187",33.2
"188",33.3
"189",33.4
"190",33.1
"191",33
"192",33
"193",32.8
"194",33.2
"195",34
"196",35
"197",35.5
"198",35.5
"199",35
"200",35.2
"201",34.8
"202",34.5
"203",33.5
"204",32.8
"205",31.9
"206",30.7
"207",29.7
"208",28.8
"209",28.4
"210",28
"211",27.7
"212",27.5
"213",27
"214",26.6
"215",26.5
"216",26.1
"217",26
"218",26
"219",25.8
"220",25.5
"221",25.3
"222",25
"223",24.5
"224",23.9
"225",22.9
"226",22.3
"227",23.1
"228",22.9
"229",22.5
"230",21.5
"231",21
"232",21.6
"233",22
"234",22.7
"235",23.1
"236",22.9
"237",22.5
"238",22
"239",21.8
"240",22.3
"241",22.5
"242",22.5
"243",22.5
"244",22.2
"245",22
"246",21.6
"247",21.5
"248",21.5
"249",21.5
"250",21.5
"251",21.4
"252",21
"253",21
"254",21
"255",21
"256",21
"257",21
"258",21
"259",21
"260",20.8
"261",20.5
"262",20.5
"263",20.5
"264",20.5
"265",20.5
"266",21
"267",22.2
"268",22.5
"269",25.9
"270",27.4
"271",28.3
"272",29.4
"273",30.5
"274",31.5
"275",32.4
"276",32.8
"277",32.6
"278",32.7
"279",32.9
"280",32.9
"281",33
"282",33
"283",33
"284",34
"285",34.2
"286",34
"287",34.5
"288",34.6
"289",35
"290",34.2
"291",32.3
"292",31
"293",30.5
"294",30
"295",29.6
"296",29.5
"297",30
"298",29.8
"299",29.5
"300",29.5
"301",29.5
"302",30
"303",30.4
"304",30.5
"305",30.5
"306",30.5
"307",30.5
"308",30.5
"309",30.8
"310",30.5
"311",31
"312",31
"313",31
"314",31
"315",31
"316",31.5
"317",31.5
"318",31.5
"319",31.5
"320",31.6
"321",32
"322",32
"323",32.3
"324",32.2
"325",32.5
"326",32.5
"327",32.5
"328",32.5
"329",32.7
"330",32.5
"331",32.5
"332",32.5
"333",32.5
"334",32.5
"335",32.5
"336",32.3
"337",32.3
"338",33.5
"339",34.8
"340",35.8
"341",36.7
"342",37
"343",37.2
"344",37.2
"345",37.1
"346",36.8
"347",35.8
"348",35.4
"349",34.7
"350",33.4
"351",32.2
"352",31
"353",30.2
"354",29.5
"355",28.8
"356",28.3
"357",28
"358",27.7
"359",27.5
"360",27.2
"361",27
"362",26.6
"363",26.5
"364",26.5
"365",26.5
"366",26.5
"367",26.1
"368",26
"369",26
"370",26
"371",26
"372",26
"373",25.5
"374",25.1
"375",24.7
"376",23.9
"377",22.5
"378",22.2
"379",22.5
"380",22.5
"381",22.9
"382",22.9
"383",22.1
"384",21.6
"385",21.2
"386",22.4
"387",22.8
"388",22.9
"389",22.6
"390",22
"391",22
"392",22
"393",21.9
"394",22
"395",22.3
"396",22.2
"397",22.5
"398",22.5
"399",22.5
"400",22.5
"401",22.5
"402",22.5
"403",22.5
"404",22.5
"405",22.5
"406",22.5
"407",22.5
"408",22.5
"409",22
"410",22.2
"411",23.1
"412",26
"413",27.5
"414",28.5
"415",29.9
"416",31
"417",32
"418",33
"419",34
"420",35
"421",35.4
"422",35.6
"423",35.5
"424",35.5
"425",35.5
"426",35.8
"427",36.3
"428",36.5
"429",37
"430",37.3
"431",37.6
"432",37.2
"433",37.3
"434",36.7
"435",35.5
"436",34.8
"437",34.5
"438",34.5
"439",34.5
"440",34.5
"441",34.5
"442",34.5
"443",34.5
"444",34.4
"445",34.5
"446",34
"447",34.1
"448",34.5
"449",34.7
"450",35
"451",35.2
"452",35.4
"453",35.3
"454",35.5
"455",35.5
"456",35.2
"457",35.3
"458",35.5
"459",35.5
"460",35.5
"461",35.5
"462",35.5
"463",36
"464",36
"465",36.2
"466",36.2
"467",36.2
"468",36.1
"469",36
"470",36
"471",36
"472",36
"473",35.9
"474",35.8
"475",35.8
"476",35.7
"477",35.7
"478",35.5
"479",35.7
"480",35.5
"481",35.5
"482",35.5
"483",36.1
"484",36.8
"485",36.2
"486",36
"487",36.3
"488",36.7
"489",37
"490",36.5
"491",35.6
"492",34.7
"493",33.4
"494",32.7
"495",31.5
"496",30.9
"497",30.5
"498",30
"499",29.5
"500",29.1
"501",28.8
"502",28.5
"503",28.5
"504",28
"505",28
"506",28
"507",27.8
"508",27.5
"509",27.5
"510",27.4
"511",27.2
"512",27
"513",27
"514",26.9
"515",26.5
"516",26.5
"517",26.5
"518",26.5
"519",26.5
"520",26.4
"521",26
"522",26
"523",26
"524",26
"525",26
"526",25.8
"527",24.6
"528",23
"529",23
"530",23
"531",22.9
"532",22.9
"533",22.8
"534",22.6
"535",22.4
"536",21.5
"537",21.1
"538",21
"539",21
"540",21.2
"541",22.2
"542",22.4
"543",22.8
"544",23
"545",23.1
"546",22.9
"547",22.5
"548",22.9
"549",22.8
"550",22.1
"551",21.2
"552",21.8
"553",22.9
"554",23.8
"555",25.8
"556",26.6
"557",27.1
"558",27.5
"559",27.5
"560",27.5
"561",27.5
"562",27.6
"563",27.9
"564",28.2
"565",28.5
"566",28.7
"567",28.6
"568",28.2
"569",27.8
"570",27.5
"571",28.5
"572",30
"573",30.5
"574",31.1
"575",32.4
"576",33.2
"577",33.5
"578",33.9
"579",33.4
"580",33.2
"581",33.2
"582",33.4
"583",33.3
"584",33.2
"585",33.5
"586",34
"587",34
"588",34
"589",34
"590",34.4
"591",34.5
"592",34.5
"593",34.5
"594",34.5
"595",34.5
"596",34.5
"597",34.5
"598",34.8
"599",35
"600",35
"601",35
"602",35.2
"603",35.2
"604",35.5
"605",35.5
"606",35.5
"607",35.5
"608",35.5
"609",35.5
"610",35.5
"611",35.5
"612",35.7
"613",35.8
"614",36
"615",35.8
"616",35.5
"617",35.4
"618",35.2
"619",35
"620",34.5
"621",34.2
"622",33.7
"623",33.2
"624",33.5
"625",33
"626",33
"627",32.7
"628",32.3
"629",31.7
"630",30.9
"631",29.8
"632",28.4
"633",27.6
"634",26.9
"635",26.4
"636",26
"637",25.5
"638",24.6
"639",22.7
"640",22.9
"641",21.8
"642",23
"643",22.1
"644",22.5
"645",22.5
"646",22
"647",22
"648",21.7
"649",21.5
"650",21.5
"651",21.4
"652",21
"653",21
"654",21
"655",20.7
"656",20.9
"657",21
"658",21
"659",21
"660",21
"661",21
"662",21
"663",21
"664",21
"665",21
"666",21
"667",20.8
"668",20.5
"669",20.5
"670",20
"671",20
"672",19.5
"673",19.6
"674",19.6
"675",19.5
"676",19.5
"677",19.5
"678",19.5
"679",19.4
"680",19
"681",19.1
"682",19.4
"683",19.2
"684",19.1
"685",19.5
"686",19.5
"687",19.5
"688",19.5
"689",19.5
"690",19.5
"691",19.5
"692",19.5
"693",19.5
"694",19.5
"695",19.5
"696",19.5
"697",19.5
"698",19.9
"699",21
"700",22.2
"701",22.4
"702",23.6
"703",26.1
"704",27.1
"705",27.4
"706",27.9
"707",28.1
"708",28
"709",28.5
"710",28.7
"711",28.5
"712",29.1
"713",29.8
"714",30
"715",30
"716",30.5
"717",31
"718",31
"719",31.5
"720",31.5
"721",30.6
"722",30.5
"723",30.5
"724",30.5
"725",30
"726",29.4
"727",29.4
"728",28.6
"729",28.5
"730",28.5
"731",28.5
"732",29
"733",29.3
"734",29.6
"735",29.8
"736",29.5
"737",29.5
"738",29.5
"739",29.9
"740",30.2
"741",30.4
"742",30
"743",30
"744",30
"745",30
"746",30
"747",30
"748",30
"749",30
"750",30
"751",30
"752",29.9
"753",29.5
"754",29.5
"755",29
"756",29
"757",28.9
"758",29
"759",29.2
"760",29.5
"761",29.4
"762",29.4
"763",29.5
"764",29.5
"765",29.5
"766",29.5
"767",29.2
"768",28.9
"769",28.6
"770",28.5
"771",29.4
"772",30.4
"773",30.9
"774",31
"775",31
"776",31
"777",31
"778",30.5
"779",28.9
"780",28
"781",27.2
"782",26.6
"783",26.2
"784",26
"785",25.5
"786",25
"787",24.4
"788",23.1
"789",22.4
"790",22.9
"791",22.6
"792",21.9
"793",21.3
"794",22.5
"795",22.8
"796",22.6
"797",21.9
"798",21.9
"799",22.2
"800",22.5
"801",22.5
"802",22.5
"803",22.5
"804",22.5
"805",22.6
"806",22.5
"807",22.5
"808",22.5
"809",22
"810",22
"811",21.6
"812",21.5
"813",21.5
"814",21.5
"815",21.5
"816",21.5
"817",21.5
"818",21.5
"819",21.5
"820",21.3
"821",21.3
"822",21.4
"823",21.1
"824",20.7
"825",20
"826",20
"827",20
"828",20
"829",20
"830",20
"831",20.2
"832",20.4
"833",20.5
"834",20.5
"835",20.5
"836",20.5
"837",20.5
"838",20.5
"839",20.5
"840",20.5
"841",20.5
"842",20.5
"843",20.5
"844",20.8
"845",21
"846",21.1
"847",21.5
"848",21.5
"849",21.8
"850",22.2
"851",22.5
"852",22.3
"853",22.2
"854",21.9
"855",22.8
"856",23.2
"857",23
"858",22.8
"859",24.5
"860",24.6
"861",25.2
"862",25.6
"863",26
"864",26
"865",26
"866",26
"867",26.4
"868",26.6
"869",27
"870",27.2
"871",27.5
"872",27.5
"873",27.9
"874",28
"875",28
"876",27.9
"877",28
"878",28
"879",28
"880",28.2
"881",28.5
"882",28.5
"883",28.6
"884",28.6
"885",28.5
"886",28.1
"887",27.5
"888",24.8
"889",22.2
"890",22.5
"891",22
"892",21.5
"893",21.6
"894",22.3
"895",22.2
"896",22
"897",22.4
"898",22.8
"899",25.1
"900",25.7
"901",26
"902",26
"903",26
"904",26.4
"905",26.5
"906",26.5
"907",27
"908",27.2
"909",27.5
"910",27.1
"911",27.2
"912",27
"913",27
"914",26.8
"915",26.6
"916",27.5
"917",28.1
"918",28
"919",28.5
"920",28.9
"921",29
"922",28.8
"923",28.3
"924",27.5
"925",26.8
"926",26.1
"927",25.8
"928",25.2
"929",23.8
"930",22.4
"931",22.8
"932",22.4
"933",21.1
"934",21.5
"935",22.5
"936",23
"937",23
"938",22.8
"939",22.4
"940",21.9
"941",21.8
"942",21.8
"943",22
"944",22.4
"945",22.5
"946",22.5
"947",22.5
"948",22.5
"949",22.5
"950",22.2
"951",22.1
"952",22
"953",21.6
"954",21.5
"955",21.5
"956",21.5
"957",21.5
"958",21.2
"959",21
"960",21
"961",21
"962",21
"963",21
"964",21
"965",21
"966",21
"967",21
"968",21
"969",21
"970",21
"971",21
"972",21
"973",21
"974",21
"975",21
"976",21
"977",21
"978",21
"979",21
"980",21
"981",21
"982",21.1
"983",21.2
"984",21.4
"985",21.5
"986",21.5
"987",21.5
"988",21.5
"989",21.5
"990",21.5
"991",21.5
"992",21.6
"993",22.1
"994",22.2
"995",21.8
"996",22.6
"997",22.3
"998",21.2
"999",22.5
"1000",23.1
"1001",23.6
"1002",25
"1003",25.6
"1004",26.7
"1005",28
"1006",28.5
"1007",28.1
"1008",28
"1009",28
"1010",28
"1011",28
"1012",28
"1013",28.2
"1014",28.5
"1015",28.7
"1016",29
"1017",29.5
"1018",29.6
"1019",30
"1020",30
"1021",30
"1022",30
"1023",29.5
"1024",29.5
"1025",29.7
"1026",30
"1027",30.1
"1028",30
"1029",29.9
"1030",29.5
"1031",29.5
"1032",29.5
"1033",30
"1034",30.3
"1035",30.1
"1036",30.1
"1037",29.9
"1038",29.5
"1039",29.5
"1040",30
"1041",30
"1042",30.2
"1043",30.5
"1044",30.5
"1045",30.6
"1046",30.5
"1047",30.5
"1048",30
"1049",30
"1050",30
"1051",30
"1052",30
"1053",29.7
"1054",30
"1055",29.5
"1056",29.6
"1057",29.5
"1058",30.1
"1059",31.1
"1060",32
"1061",32.6
"1062",33.2
"1063",34
"1064",33.5
"1065",33
"1066",33
"1067",32.5
"1068",31.6
"1069",30.5
"1070",29.2
"1071",28.2
"1072",27.6
"1073",27
"1074",26.4
"1075",26
"1076",25.5
"1077",25
"1078",24.1
"1079",22.4
"1080",23
"1081",22.5
"1082",21.7
"1083",21
"1084",21.2
"1085",22
"1086",22.5
"1087",22.9
"1088",22
"1089",21.9
"1090",22
"1091",22.2
"1092",22.2
"1093",22.5
"1094",22.5
"1095",22.5
"1096",22.5
"1097",22.5
"1098",22.5
"1099",22.5
"1100",22.5
"1101",22.3
"1102",22
"1103",22
"1104",21.5
"1105",21.5
"1106",21.4
"1107",21
"1108",21
"1109",21
"1110",20.9
"1111",20.5
"1112",20.5
"1113",20.5
"1114",20.5
"1115",20.5
"1116",20.1
"1117",20
"1118",20
"1119",20
"1120",20
"1121",20
"1122",20
"1123",20
"1124",20
"1125",20
"1126",20
"1127",20.1
"1128",20.5
"1129",20.5
"1130",21
"1131",22.1
"1132",22.1
"1133",24.1
"1134",26.4
"1135",27.5
"1136",28.1
"1137",28.9
"1138",30
"1139",30.3
"1140",31
"1141",30.9
"1142",30.6
"1143",31.5
"1144",31.6
"1145",32
"1146",31.2
"1147",30.6
"1148",30.5
"1149",30.5
"1150",30.9
"1151",31.8
"1152",32.3
"1153",32
"1154",32.1
"1155",32
"1156",32
"1157",32
"1158",32
"1159",32.2
"1160",32
"1161",31.9
"1162",31.6
"1163",32
"1164",32.2
"1165",32.7
"1166",32.7
"1167",32.8
"1168",33
"1169",32.7
"1170",32.7
"1171",32.8
"1172",32.7
"1173",32.8
"1174",32.7
"1175",32.7
"1176",32.5
"1177",32.5
"1178",32.5
"1179",32.5
"1180",32.8
"1181",33.1
"1182",33.1
"1183",33
"1184",33
"1185",33
"1186",33
"1187",33.2
"1188",33.2
"1189",33
"1190",33
"1191",33
"1192",32.9
"1193",32.6
"1194",32.6
"1195",32.5
"1196",32.5
"1197",32.2
"1198",32
"1199",32
"1200",31.5
"1201",31.2
"1202",31
"1203",31
"1204",31.2
"1205",30.7
"1206",30.5
"1207",30.2
"1208",30
"1209",29.9
"1210",29.5
"1211",29.5
"1212",29.1
"1213",28.9
"1214",28.5
"1215",28.5
"1216",28
"1217",28
"1218",27.5
"1219",27.1
"1220",27
"1221",26.5
"1222",26.5
"1223",26.5
"1224",26
"1225",26
"1226",26
"1227",26
"1228",26
"1229",26.1
"1230",26.2
"1231",26
"1232",26
"1233",26
"1234",26
"1235",26
"1236",26
"1237",26
"1238",25.9
"1239",25.5
"1240",25.5
"1241",25.5
"1242",25.5
"1243",25
"1244",24.8
"1245",24.6
"1246",24
"1247",23.2
"1248",22.7
"1249",22.4
"1250",22.3
"1251",22.4
"1252",23
"1253",22.8
"1254",22.3
"1255",22
"1256",21.6
"1257",21.4
"1258",21
"1259",21.2
"1260",21.4
"1261",21.9
"1262",22.4
"1263",22.5
"1264",22.8
"1265",22.9
"1266",22.2
"1267",21.9
"1268",22.1
"1269",22
"1270",22.1
"1271",22.1
"1272",22.2
"1273",22
"1274",22
"1275",22.1
"1276",25.2
"1277",26.5
"1278",27.8
"1279",28.6
"1280",29.5
"1281",30.3
"1282",31
"1283",31
"1284",30.9
"1285",31
"1286",31.5
"1287",32.2
"1288",32.9
"1289",33.7
"1290",34.3
"1291",34.9
"1292",35.1
"1293",35
"1294",35
"1295",35
"1296",34
"1297",34
"1298",34
"1299",32.8
"1300",32.1
"1301",31.5
"1302",31.3
"1303",31.4
"1304",31.5
"1305",31.5
"1306",31.9
"1307",32.2
"1308",32
"1309",32.1
"1310",32.5
"1311",32.5
"1312",31.8
"1313",31.5
"1314",31.6
"1315",31.5
"1316",32
"1317",32
"1318",32
"1319",32.5
"1320",32.5
"1321",32.5
"1322",32.5
"1323",32.3
"1324",32.5
"1325",32.5
"1326",32.8
"1327",33
"1328",32.8
"1329",32.5
"1330",32.5
"1331",32.3
"1332",32.5
"1333",32.5
"1334",32.5
"1335",32.5
"1336",32.8
"1337",33
"1338",32.6
"1339",32.9
"1340",32.5
"1341",32.5
"1342",32.4
"1343",32.5
"1344",32.5
"1345",32.1
"1346",32.3
"1347",33.8
"1348",35.2
"1349",36.3
"1350",37
"1351",37.5
"1352",37.5
"1353",37.5
"1354",36.9
"1355",36.2
"1356",35.3
"1357",34.5
"1358",32.9
"1359",31.5
"1360",30.5
"1361",29.8
"1362",28.8
"1363",28.4
"1364",28
"1365",27.8
"1366",27.5
"1367",27.1
"1368",26.8
"1369",26.5
"1370",26.5
"1371",26.1
"1372",26
"1373",26
"1374",26
"1375",26
"1376",26
"1377",26
"1378",25.5
"1379",25.5
"1380",25.5
"1381",25.4
"1382",24.8
"1383",24.5
"1384",24.4
"1385",23.9
"1386",23.6
"1387",23.2
"1388",22.8
"1389",22.6
"1390",22.2
"1391",22.1
"1392",22.2
"1393",22.2
"1394",22
"1395",23
"1396",22
"1397",22.5
"1398",22.9
"1399",21.9
"1400",22.2
"1401",22.4
"1402",22.5
"1403",22.5
"1404",22.5
"1405",22.5
"1406",22.5
"1407",22.5
"1408",22.5
"1409",22.5
"1410",22.5
"1411",22.5
"1412",22.5
"1413",22.4
"1414",22.5
"1415",22.4
"1416",22.4
"1417",22.3
"1418",22
"1419",22.2
"1420",25.6
"1421",27.3
"1422",28.5
"1423",29.8
"1424",30.9
"1425",31.9
"1426",32.7
"1427",33
"1428",33.9
"1429",34.5
"1430",35
"1431",35.2
"1432",35.5
"1433",35.8
"1434",35.5
"1435",35.5
"1436",35.4
"1437",35.5
"1438",36.2
"1439",36.6
"1440",37
"1441",37
"1442",36.5
"1443",35.7
"1444",35
"1445",34.5
"1446",34.2
"1447",34
"1448",34
"1449",33.9
"1450",34
"1451",34
"1452",34
"1453",34
"1454",34
"1455",34.3
"1456",34.5
"1457",34.6
"1458",35
"1459",35
"1460",35
"1461",35
"1462",35.2
"1463",35.5
"1464",35.5
"1465",35.5
"1466",35.5
"1467",35.5
"1468",35.5
"1469",35.7
"1470",36
"1471",36
"1472",36
"1473",36.5
"1474",36.4
"1475",36.5
"1476",36.5
"1477",36.5
"1478",36.5
"1479",36.5
"1480",36.5
"1481",36.9
"1482",37
"1483",37
"1484",36.8
"1485",36.5
"1486",36.5
"1487",36.5
"1488",36
"1489",36
"1490",36.2
"1491",37
"1492",37.2
"1493",36.5
"1494",35.8
"1495",35.8
"1496",35.8
"1497",35.2
"1498",34.7
"1499",34
"1500",33.2
"1501",32.9
"1502",32.5
"1503",32
"1504",31.5
"1505",31
"1506",30.9
"1507",30.5
"1508",30.5
"1509",30
"1510",29.5
"1511",28.8
"1512",28.5
"1513",28.5
"1514",28
"1515",28
"1516",27.5
"1517",27.2
"1518",27
"1519",27
"1520",26.7
"1521",26.6
"1522",26.5
"1523",26.5
"1524",26.5
"1525",26.5
"1526",26.3
"1527",26
"1528",26
"1529",26
"1530",25.6
"1531",25.5
"1532",25.5
"1533",25.5
"1534",25.1
"1535",24.8
"1536",24.5
"1537",24.5
"1538",24.1
"1539",23
"1540",22.5
"1541",23.1
"1542",23.1
"1543",23.2
"1544",23
"1545",22.9
"1546",22
"1547",21.9
"1548",21.8
"1549",22
"1550",21.6
"1551",21.5
"1552",21
"1553",21.3
"1554",21.8
"1555",22.6
"1556",22.9
"1557",22.9
"1558",23
"1559",23.1
"1560",22.9
"1561",22.7
"1562",22.8
"1563",25.5
"1564",26.8
"1565",27.9
"1566",28.6
"1567",29.8
"1568",30.5
"1569",30.5
"1570",30.5
"1571",30.8
"1572",31
"1573",31.7
"1574",32
"1575",32.5
"1576",32.8
"1577",33.3
"1578",34.3
"1579",34.3
"1580",34.6
"1581",34.5
"1582",34.5
"1583",34.3
"1584",33.8
"1585",33
"1586",32.4
"1587",32
"1588",31.9
"1589",32.1
"1590",32
"1591",32
"1592",32
"1593",32.4
"1594",32.7
"1595",33
"1596",33.2
"1597",34
"1598",34.5
"1599",35
"1600",35
"1601",35.1
"1602",35.5
"1603",35.6
"1604",36
"1605",36
"1606",36
"1607",36.1
"1608",36.4
"1609",36.4
"1610",36.5
"1611",36.5
"1612",36.5
"1613",36.5
"1614",36.7
"1615",36.5
"1616",36.4
"1617",36.5
"1618",36.5
"1619",36.5
"1620",36.8
"1621",37
"1622",37
"1623",36.5
"1624",36.5
"1625",36.5
"1626",36.5
"1627",36.5
"1628",36
"1629",35.8
"1630",36
"1631",36
"1632",36.5
"1633",36.7
"1634",37.4
"1635",38.5
"1636",38.5
"1637",36.3
"1638",35.2
"1639",34.3
"1640",33.3
"1641",32.5
"1642",32.4
"1643",31.9
"1644",30.9
"1645",30.3
"1646",29.8
"1647",28.9
"1648",28.4
"1649",28
"1650",27.5
"1651",27.3
"1652",26.8
"1653",26.5
"1654",26.5
"1655",26
"1656",26.1
"1657",26
"1658",26
"1659",26
"1660",26
"1661",26
"1662",26
"1663",26
"1664",26
"1665",25.8
"1666",25.5
"1667",25.5
"1668",25.1
"1669",24.8
"1670",24.5
"1671",24.4
"1672",24.2
"1673",23.5
"1674",23.1
"1675",23.1
"1676",23
"1677",23
"1678",22.8
"1679",22.3
"1680",22.5
"1681",23
"1682",22.8
"1683",22.5
"1684",21.5
"1685",21
"1686",21
"1687",21.5
"1688",22.7
"1689",22.1
"1690",21.5
"1691",21.4
"1692",21.4
"1693",21.2
"1694",22.5
"1695",22.8
"1696",22.6
"1697",22.9
"1698",22.6
"1699",22.8
"1700",22.9
"1701",22.8
"1702",22.9
"1703",22.4
"1704",21.4
"1705",22
"1706",24
"1707",26
"1708",27.2
"1709",28.2
"1710",29
"1711",30.2
"1712",30.9
"1713",31.4
"1714",31.6
"1715",32.3
"1716",32.9
"1717",33.8
"1718",34
"1719",34.3
"1720",34.8
"1721",35
"1722",35.5
"1723",35.5
"1724",35.3
"1725",35.6
"1726",36
"1727",36
"1728",36
"1729",35.4
"1730",35
"1731",34.5
"1732",33.8
"1733",33.3
"1734",33
"1735",33.2
"1736",33.2
"1737",33.7
"1738",34
"1739",34.3
"1740",34.1
"1741",34
"1742",33.3
"1743",33
"1744",32.5
"1745",31.6
"1746",30.6
"1747",29.8
"1748",28.6
"1749",28.2
"1750",28
"1751",27.8
"1752",27.2
"1753",26.5
"1754",26
"1755",26
"1756",25.5
"1757",25.2
"1758",25.2
"1759",25.8
"1760",26
"1761",26.4
"1762",27
"1763",27.5
"1764",28
"1765",28.1
"1766",28.5
"1767",28.5
"1768",28.8
"1769",29
"1770",29.5
"1771",29.8
"1772",30
"1773",30.5
"1774",30.5
"1775",31
"1776",31
"1777",31
"1778",32.1
"1779",32.8
"1780",32.8
"1781",32.1
"1782",31.4
"1783",30.8
"1784",30.2
"1785",29.6
"1786",29
"1787",28.5
"1788",28.1
"1789",28
"1790",27.8
"1791",27.5
"1792",27.2
"1793",27
"1794",26.5
"1795",26.4
"1796",26
"1797",26
"1798",26
"1799",25.7
"1800",25.5
"1801",25.5
"1802",25.5
"1803",25.4
"1804",25
"1805",24.5
"1806",24.4
"1807",23.8
"1808",23.2
"1809",22.9
"1810",22.4
"1811",23
"1812",23
"1813",22.5
"1814",22.4
"1815",22
"1816",22
"1817",22
"1818",21.7
"1819",21.5
"1820",21
"1821",21.4
"1822",21.1
"1823",21.2
"1824",21.2
"1825",22.4
"1826",22.7
"1827",22.6
"1828",22.4
"1829",22
"1830",21.9
"1831",21.9
"1832",22
"1833",22.1
"1834",22.2
"1835",22.4
"1836",22.5
"1837",22.5
"1838",22.5
"1839",22.5
"1840",22.5
"1841",22.2
"1842",22.1
"1843",22
"1844",22
"1845",22
"1846",22
"1847",22.1
"1848",22.4
"1849",22.2
"1850",22
"1851",23.4
"1852",25.5
"1853",26.4
"1854",27.3
"1855",27.8
"1856",28
"1857",28
"1858",28.5
"1859",29
"1860",29.6
"1861",30
"1862",30.5
"1863",30.7
"1864",31
"1865",31.8
"1866",32
"1867",32
"1868",32.5
"1869",33
"1870",33.5
"1871",33.5
"1872",33
"1873",32.5
"1874",32
"1875",31.9
"1876",31.5
"1877",31.2
"1878",31.5
"1879",31.3
"1880",31
"1881",31
"1882",31.5
"1883",32
"1884",32.2
"1885",32
"1886",32
"1887",32
"1888",32.2
"1889",32
"1890",32.1
"1891",32.4
"1892",32.5
"1893",32.5
"1894",32.5
"1895",32.8
"1896",33
"1897",33.2
"1898",34
"1899",34.3
"1900",34.5
"1901",34.6
"1902",34.5
"1903",34
"1904",32.8
"1905",32.5
"1906",32.1
"1907",32
"1908",31.6
"1909",31.9
"1910",32
"1911",32.2
"1912",32.5
"1913",32.3
"1914",32
"1915",31.7
"1916",31.5
"1917",31.5
"1918",31.5
"1919",32
"1920",32.5
"1921",32.8
"1922",33.8
"1923",34.8
"1924",35
"1925",35
"1926",35.5
"1927",35.2
"1928",35
"1929",34.3
"1930",33.3
"1931",32.4
"1932",31.6
"1933",30.7
"1934",30.1
"1935",29.6
"1936",29.1
"1937",28.5
"1938",28.3
"1939",28
"1940",28
"1941",28
"1942",27.9
"1943",27.5
"1944",27.4
"1945",27
"1946",26.5
"1947",26.1
"1948",26
"1949",25.9
"1950",25.5
"1951",25.5
"1952",25.5
"1953",25.5
"1954",25.5
"1955",25.5
"1956",25.5
"1957",25.5
"1958",25.5
"1959",25.5
"1960",25.2
"1961",25
"1962",25
"1963",24.6
"1964",24.5
"1965",24.6
"1966",24.2
"1967",23
"1968",22.4
"1969",22.9
"1970",22.1
"1971",20.9
"1972",21.4
"1973",21.8
"1974",22.4
"1975",22.8
"1976",22.6
"1977",22.8
"1978",22.5
"1979",22.5
"1980",22.3
"1981",22
"1982",21.6
"1983",21.7
"1984",21.9
"1985",22
"1986",22.4
"1987",22.5
"1988",22.5
"1989",22.5
"1990",22.1
"1991",21.6
"1992",21.5
"1993",21.5
"1994",22
"1995",22.4
"1996",21.7
"1997",23.2
"1998",25.1
"1999",26
"2000",27.3
"2001",27.5
"2002",27.9
"2003",28.4
"2004",28.8
"2005",29.4
"2006",30.2
"2007",30.5
"2008",30.5
"2009",30.8
"2010",31.4
"2011",31.8
"2012",32
"2013",32.5
"2014",32.5
"2015",33
"2016",33
"2017",32.2
"2018",31.3
"2019",30.6
"2020",30
"2021",29.9
"2022",29.6
"2023",29.5
"2024",29.7
"2025",29.7
"2026",30
"2027",30
"2028",30
"2029",30
"2030",30
"2031",30.3
"2032",30.7
"2033",30.8
"2034",31
"2035",31
"2036",31.5
"2037",31.8
"2038",31.8
"2039",31.8
"2040",32
"2041",32.3
"2042",32.2
"2043",32.5
"2044",32.5
"2045",32.5
"2046",32.8
"2047",33
"2048",33
"2049",33.6
"2050",34
"2051",34.5
"2052",34.8
"2053",35
"2054",35
"2055",35
"2056",35
"2057",35
"2058",34.8
"2059",34.5
"2060",34.5
"2061",34
"2062",34
"2063",33.8
"2064",33.5
"2065",33
"2066",33.9
"2067",34.5
"2068",35
"2069",35
"2070",35
"2071",35
"2072",34.5
"2073",34
"2074",33.2
"2075",32.5
"2076",31.5
"2077",30.4
"2078",29.7
"2079",29
"2080",28.5
"2081",28.1
"2082",28
"2083",28
"2084",27.5
"2085",27.2
"2086",27
"2087",27
"2088",26.5
"2089",26.5
"2090",26.5
"2091",26.2
"2092",26
"2093",26
"2094",25.8
"2095",25.5
"2096",25.4
"2097",24.5
"2098",22.6
"2099",22.7
"2100",22.4
"2101",22
"2102",21.6
"2103",21.4
"2104",21.5
"2105",22
"2106",22.1
"2107",22
"2108",21.4
"2109",21.2
"2110",21.2
"2111",21.1
"2112",21
"2113",21
"2114",21.1
"2115",21.7
"2116",22.1
"2117",22.6
"2118",22.8
"2119",22.8
"2120",22.3
"2121",21.8
"2122",22
"2123",22.5
"2124",22.5
"2125",22.5
"2126",22.5
"2127",22.5
"2128",22.5
"2129",22
"2130",21.7
"2131",21.5
"2132",21.5
"2133",21.5
"2134",21.5
"2135",21.5
"2136",21
"2137",21.4
"2138",22.1
"2139",22.5
"2140",25.8
"2141",27.3
"2142",28.5
"2143",29.8
"2144",30.6
"2145",32
"2146",32.9
"2147",34
"2148",34.7
"2149",35
"2150",35.5
"2151",35.5
"2152",35.8
"2153",36
"2154",36
"2155",36
"2156",36
"2157",35.5
"2158",35.8
"2159",35.5
"2160",35.5
"2161",35
"2162",34.5
"2163",34.1
"2164",33.2
"2165",32.9
"2166",32.8
"2167",32.5
"2168",32.5
"2169",32.5
"2170",32.5
"2171",32.5
"2172",32.5
"2173",32.5
"2174",32.7
"2175",33
"2176",32.9
"2177",33
"2178",32.9
"2179",33.2
"2180",33.2
"2181",33
"2182",33.5
"2183",34
"2184",34.2
"2185",34.5
"2186",34.5
"2187",34.5
"2188",34.8
"2189",34.8
"2190",34.5
"2191",34.7
"2192",35
"2193",35
"2194",35
"2195",35
"2196",35
"2197",35
"2198",34.6
"2199",34.5
"2200",34.5
"2201",34.5
"2202",34.5
"2203",34.2
"2204",34
"2205",34
"2206",34
"2207",33.5
"2208",33.3
"2209",33.2
"2210",33.5
"2211",34.7
"2212",35.4
"2213",35.5
"2214",35.6
"2215",35.5
"2216",35.3
"2217",35
"2218",34.3
"2219",33.4
"2220",32.2
"2221",30.9
"2222",30.1
"2223",29.4
"2224",28.6
"2225",28.5
"2226",28
"2227",28
"2228",27.5
"2229",27.5
"2230",27
"2231",27
"2232",26.6
"2233",26.5
"2234",26.5
"2235",26
"2236",26
"2237",26
"2238",26
"2239",25.7
"2240",25.5
"2241",25.5
"2242",25.5
"2243",25.5
"2244",25.2
"2245",25
"2246",24.5
"2247",23.6
"2248",22.8
"2249",22.2
"2250",22.4
"2251",22.4
"2252",23
"2253",23
"2254",23
"2255",22.9
"2256",22
"2257",21.4
"2258",20.9
"2259",21.5
"2260",22
"2261",22.6
"2262",22.8
"2263",23
"2264",23
"2265",22.6
"2266",22.2
"2267",21.9
"2268",22
"2269",22.4
"2270",22.5
"2271",22.5
"2272",22.2
"2273",21.6
"2274",21.5
"2275",21.2
"2276",21
"2277",21
"2278",21
"2279",21
"2280",21
"2281",21
"2282",22
"2283",22.2
"2284",24.9
"2285",26.6
"2286",28.1
"2287",29.1
"2288",30.3
"2289",31.1
"2290",31.9
"2291",32.2
"2292",32.8
"2293",32.8
"2294",32.8
"2295",33
"2296",32.9
"2297",32.8
"2298",33
"2299",33
"2300",33
"2301",32.9
"2302",32.8
"2303",32.5
"2304",32.8
"2305",32
"2306",31.7
"2307",31.1
"2308",30.5
"2309",30.5
"2310",30.5
"2311",30.5
"2312",30.5
"2313",30.5
"2314",30.5
"2315",30.5
"2316",30.5
"2317",30.6
"2318",31
"2319",31
"2320",31
"2321",31
"2322",31
"2323",31.4
"2324",31.5
"2325",31.9
"2326",32
"2327",32.2
"2328",32.6
"2329",33
"2330",33.1
"2331",33
"2332",33
"2333",33.2
"2334",33.3
"2335",33.3
"2336",33.8
"2337",34
"2338",34
"2339",34
"2340",34
"2341",34
"2342",34
"2343",34
"2344",33.7
"2345",33.8
"2346",34
"2347",34
"2348",34.2
"2349",34.2
"2350",34.5
"2351",34.5
"2352",34.5
"2353",34.1
"2354",34.8
"2355",35.7
"2356",36.5
"2357",36.8
"2358",37
"2359",37
"2360",36.5
"2361",36
"2362",35.4
"2363",35
"2364",33.7
"2365",32.4
"2366",31.2
"2367",30.5
"2368",30
"2369",29.4
"2370",28.9
"2371",28.5
"2372",28.4
"2373",28
"2374",28
"2375",27.6
"2376",27.5
"2377",27
"2378",27
"2379",27
"2380",26.9
"2381",26.5
"2382",26.5
"2383",26.5
"2384",26.5
"2385",26
"2386",26
"2387",25.7
"2388",25
"2389",24.1
"2390",23
"2391",22.4
"2392",22.2
"2393",22.9
"2394",23
"2395",23
"2396",22.9
"2397",22.6
"2398",21.8
"2399",21.8
"2400",22.8
"2401",23
"2402",23
"2403",22.6
"2404",22.6
"2405",22.5
"2406",22.5
"2407",22
"2408",22.2
"2409",22.5
"2410",22.5
"2411",22.5
"2412",22.5
"2413",22.5
"2414",22.6
"2415",22.5
"2416",22.5
"2417",22
"2418",21.6
"2419",21.5
"2420",21.5
"2421",21.5
"2422",21.5
"2423",22
"2424",22
"2425",22.3
"2426",22.5
"2427",23
"2428",26
"2429",27.5
"2430",28.5
"2431",29.8
"2432",30.8
"2433",32
"2434",33.1
"2435",33.5
"2436",34.2
"2437",34.5
"2438",35
"2439",34.7
"2440",34.8
"2441",34.5
"2442",34.7
"2443",34.7
"2444",34.8
"2445",35
"2446",35
"2447",35
"2448",34.5
"2449",33.5
"2450",33
"2451",32.8
"2452",32.1
"2453",31.5
"2454",31.3
"2455",31
"2456",31
"2457",31
"2458",31
"2459",31
"2460",31
"2461",31
"2462",31.5
"2463",31.7
"2464",32.2
"2465",32.5
"2466",32.5
"2467",33
"2468",33.2
"2469",33.3
"2470",33.7
"2471",34
"2472",34.3
"2473",34.5
"2474",34.9
"2475",35.2
"2476",35.2
"2477",35.5
"2478",35.5
"2479",35.5
"2480",35.5
"2481",35.5
"2482",35.5
"2483",35.5
"2484",35.5
"2485",35.5
"2486",35.5
"2487",35.5
"2488",35.5
"2489",35.4
"2490",35.4
"2491",35.2
"2492",35.3
"2493",35.4
"2494",35.3
"2495",35.3
"2496",35.2
"2497",35.3
"2498",35.6
"2499",36.5
"2500",36.5
"2501",36
"2502",36.3
"2503",36.5
"2504",36.5
"2505",36.5
"2506",36.5
"2507",36.1
"2508",35.2
"2509",34.1
"2510",33
"2511",32
"2512",31
"2513",30.5
"2514",30
"2515",29.6
"2516",29.1
"2517",28.8
"2518",28.5
"2519",28.5
"2520",28
"2521",28
"2522",27.5
"2523",27.5
"2524",27.5
"2525",27.5
"2526",28
"2527",28
"2528",28
"2529",28
"2530",28
"2531",28
"2532",28
"2533",27.6
"2534",27.4
"2535",27.1
"2536",27.1
"2537",27
"2538",26.9
"2539",26.5
"2540",26.5
"2541",26.5
"2542",26.5
"2543",26.5
"2544",26.4
"2545",26
"2546",26
"2547",25.9
"2548",25.3
"2549",24.6
"2550",23.4
"2551",22.6
"2552",22.9
"2553",23
"2554",22.2
"2555",21.7
"2556",22.9
"2557",22.2
"2558",21.9
"2559",21.9
"2560",22.3
"2561",22.1
"2562",22
"2563",21.9
"2564",22
"2565",22
"2566",22
"2567",22.9
"2568",23.2
"2569",22.3
"2570",22.8
"2571",26
"2572",27.6
"2573",29
"2574",30.4
"2575",31.5
"2576",32.9
"2577",34.2
"2578",35.2
"2579",35.7
"2580",36.3
"2581",37
"2582",37.5
"2583",37.7
"2584",37.9
"2585",37.6
"2586",37.8
"2587",37.7
"2588",37.9
"2589",37.5
"2590",37.5
"2591",37.7
"2592",37.7
"2593",37
"2594",36.5
"2595",36
"2596",35.5
"2597",35.5
"2598",35
"2599",35
"2600",34.8
"2601",34.8
"2602",34.6
"2603",35
"2604",35
"2605",35.2
"2606",35.4
"2607",35.5
"2608",35.5
"2609",35.9
"2610",36
"2611",36.4
"2612",36.5
"2613",36.5
"2614",36.9
"2615",37.2
"2616",37.5
"2617",37.5
"2618",37.5
"2619",37.5
"2620",37.5
"2621",37.5
"2622",37.6
"2623",38
"2624",38
"2625",37.8
"2626",37.8
"2627",37.5
"2628",37.9
"2629",37.8
"2630",37.7
"2631",37.5
"2632",37.6
"2633",37.7
"2634",37.7
"2635",37.8
"2636",37.6
"2637",37.5
"2638",37.9
"2639",38
"2640",38
"2641",37.8
"2642",37.8
"2643",39
"2644",39.5
"2645",39.3
"2646",38.5
"2647",37.6
"2648",37.5
"2649",37.5
"2650",37.4
"2651",36.8
"2652",35.8
"2653",35.3
"2654",34.3
"2655",33.5
"2656",32.8
"2657",32.3
"2658",31.8
"2659",31.1
"2660",30.9
"2661",30.5
"2662",30.5
"2663",30.4
"2664",30
"2665",30
"2666",29.5
"2667",29
"2668",28.5
"2669",28.5
"2670",28.2
"2671",28
"2672",28
"2673",27.9
"2674",27.5
"2675",27.5
"2676",27.5
"2677",27.2
"2678",27
"2679",27
"2680",26.6
"2681",26.5
"2682",26.5
"2683",26.5
"2684",26.5
"2685",26.5
"2686",26.5
"2687",26.5
"2688",26.5
"2689",26.5
"2690",26.5
"2691",26.5
"2692",26.5
"2693",26.5
"2694",26.5
"2695",26.5
"2696",26.4
"2697",26.1
"2698",26.5
"2699",26.5
"2700",26.5
"2701",26.5
"2702",26.9
"2703",27
"2704",26.8
"2705",26.6
"2706",26.5
"2707",26.8
"2708",27
"2709",27
"2710",27
"2711",27
"2712",27.2
"2713",27.6
"2714",28.3
"2715",29.5
"2716",30.8
"2717",32.2
"2718",33.5
"2719",34.5
"2720",35.5
"2721",35.8
"2722",36.5
"2723",36.4
"2724",35.8
"2725",36.2
"2726",36.5
"2727",36.9
"2728",37.4
"2729",37.5
"2730",37.5
"2731",37.5
"2732",37.5
"2733",37.5
"2734",38
"2735",37.9
"2736",37.4
"2737",36.5
"2738",36.7
"2739",37
"2740",37
"2741",36.9
"2742",36.7
"2743",36.5
"2744",36.5
"2745",36.4
"2746",36.5
"2747",36.5
"2748",36.5
"2749",36.5
"2750",36.5
"2751",36.5
"2752",36.5
"2753",36.7
"2754",37
"2755",37
"2756",37.1
"2757",37.5
"2758",37.5
"2759",37.7
"2760",37.8
"2761",38
"2762",37.8
"2763",37.8
"2764",37.5
"2765",37.5
"2766",37.5
"2767",37.5
"2768",37.5
"2769",37.5
"2770",37.5
"2771",37.8
"2772",38
"2773",37.8
"2774",37.7
"2775",37.7
"2776",38
"2777",38
"2778",37.5
"2779",37.6
"2780",37.5
"2781",37.5
"2782",37.5
"2783",37
"2784",37.3
"2785",37.5
"2786",37.7
"2787",38.5
"2788",39
"2789",39
"2790",38.8
"2791",38
"2792",38
"2793",38
"2794",37.6
"2795",37.3
"2796",36.8
"2797",35.8
"2798",35.2
"2799",34.2
"2800",33.3
"2801",32.7
"2802",32.2
"2803",31.5
"2804",31.1
"2805",31
"2806",30.5
"2807",30.5
"2808",30
"2809",29.9
"2810",29.5
"2811",29.4
"2812",29.1
"2813",29.1
"2814",29
"2815",29
"2816",28.5
"2817",28.5
"2818",28.4
"2819",28
"2820",28
"2821",28
"2822",28
"2823",28
"2824",28
"2825",28
"2826",28
"2827",27.9
"2828",27.5
"2829",27.1
"2830",27
"2831",26.8
"2832",26.6
"2833",26.5
"2834",26.7
"2835",26.8
"2836",26.6
"2837",26.6
"2838",26.5
"2839",26.5
"2840",26.5
"2841",26.1
"2842",26
"2843",26
"2844",26
"2845",26
"2846",26
"2847",26
"2848",25.8
"2849",25.5
"2850",25.5
"2851",25.5
"2852",25.4
"2853",25.1
"2854",25
"2855",25.1
"2856",25.3
"2857",25.5
"2858",26
"2859",27.1
"2860",28.2
"2861",29.1
"2862",30.4
"2863",31.1
"2864",32.3
"2865",33.2
"2866",34.5
"2867",35.4
"2868",36.1
"2869",36.6
"2870",37.3
"2871",37.6
"2872",37.5
"2873",37.5
"2874",38
"2875",38.9
"2876",39
"2877",39
"2878",39.2
"2879",39.4
"2880",39.3
"2881",38.3
"2882",37.9
"2883",37.7
"2884",37
"2885",36.7
"2886",36.3
"2887",36.3
"2888",36.5
"2889",36.3
"2890",36
"2891",36.5
"2892",36.6
"2893",37
"2894",37.2
"2895",37.5
"2896",37.5
"2897",37.7
"2898",37.8
"2899",37.8
"2900",38
"2901",37.8
"2902",37.6
"2903",38.2
"2904",37.9
"2905",38.2
"2906",38.6
"2907",38.5
"2908",38.9
"2909",39
"2910",39
"2911",39
"2912",39
"2913",39
"2914",39
"2915",38.8
"2916",38
"2917",38
"2918",38
"2919",38
"2920",38
"2921",38
"2922",38
"2923",37.9
"2924",37.7
"2925",37.8
"2926",38
"2927",38
"2928",37.7
"2929",37.5
"2930",37.5
"2931",37.8
"2932",38.8
"2933",39
"2934",39
"2935",38.5
"2936",38
"2937",37.5
"2938",37.2
"2939",36.6
"2940",35.5
"2941",34.7
"2942",33.7
"2943",33
"2944",32.3
"2945",31.7
"2946",31
"2947",30.9
"2948",30.5
"2949",30.2
"2950",30
"2951",29.5
"2952",29.5
"2953",29.1
"2954",29
"2955",28.9
"2956",28.5
"2957",28.5
"2958",28.5
"2959",28.5
"2960",28.5
"2961",28.1
"2962",28
"2963",28
"2964",28
"2965",27.8
"2966",27.5
"2967",27.5
"2968",27.5
"2969",27.5
"2970",27.5
"2971",27.2
"2972",27
"2973",27
"2974",26.7
"2975",26.5
"2976",26.5
"2977",26.5
"2978",26.3
"2979",26
"2980",26
"2981",26
"2982",26
"2983",26
"2984",26
"2985",25.7
"2986",25.5
"2987",25.5
"2988",25.2
"2989",24.9
"2990",24.9
"2991",25
"2992",24.8
"2993",24.9
"2994",24.9
"2995",24.9
"2996",24.5
"2997",24.5
"2998",24.5
"2999",24.5
"3000",25.1
"3001",25.6
"3002",26.2
"3003",27.5
"3004",28.5
"3005",29.5
"3006",30.4
"3007",31.4
"3008",32.8
"3009",33.8
"3010",34.9
"3011",35.5
"3012",36.3
"3013",37.2
"3014",37.7
"3015",38.3
"3016",38.2
"3017",37.4
"3018",37
"3019",37
"3020",37.5
"3021",37.5
"3022",37.6
"3023",38
"3024",37.8
"3025",37.5
"3026",37
"3027",37
"3028",36.8
"3029",36.2
"3030",36
"3031",35.5
"3032",35.5
"3033",35.8
"3034",36.2
"3035",36.4
"3036",36.5
"3037",36.6
"3038",37
"3039",37.1
"3040",37.5
"3041",37
"3042",35.8
"3043",35.2
"3044",34.3
"3045",33.6
"3046",33.1
"3047",32.5
"3048",31.5
"3049",31
"3050",30.8
"3051",31
"3052",31
"3053",31.5
"3054",31.5
"3055",31.7
"3056",31.8
"3057",32.4
"3058",32.7
"3059",33
"3060",33.3
"3061",33.3
"3062",33.2
"3063",33.3
"3064",33.5
"3065",33.2
"3066",33
"3067",32.5
"3068",32.5
"3069",32
"3070",31.6
"3071",31.1
"3072",31
"3073",31
"3074",31
"3075",30.9
"3076",31.1
"3077",32.4
"3078",32.8
"3079",32
"3080",31.5
"3081",31.4
"3082",31
"3083",30.8
"3084",30.4
"3085",29.8
"3086",29
"3087",28.5
"3088",28.5
"3089",28.1
"3090",28
"3091",28
"3092",28
"3093",27.9
"3094",27.5
"3095",27.5
"3096",27.4
"3097",27.1
"3098",26.8
"3099",26.5
"3100",26.5
"3101",26.5
"3102",26.5
"3103",26.5
"3104",26.5
"3105",26.5
"3106",26.5
"3107",26.5
"3108",26.1
"3109",26
"3110",26
"3111",26
"3112",26
"3113",26
"3114",26
"3115",26
"3116",26
"3117",26
"3118",26
"3119",26
"3120",26
"3121",26
"3122",26
"3123",26
"3124",25.5
"3125",25.4
"3126",25
"3127",24.8
"3128",24.5
"3129",23.8
"3130",22.5
"3131",22.5
"3132",23
"3133",22.6
"3134",22.9
"3135",22.9
"3136",22.1
"3137",21.6
"3138",21.3
"3139",21
"3140",21
"3141",21
"3142",21.4
"3143",21.2
"3144",21.2
"3145",21.4
"3146",22.6
"3147",25.5
"3148",26.5
"3149",27.4
"3150",28.1
"3151",28.6
"3152",29.7
"3153",30.6
"3154",31.4
"3155",32.3
"3156",33.2
"3157",34.2
"3158",34.7
"3159",35.3
"3160",35.7
"3161",36.4
"3162",36.5
"3163",37
"3164",37
"3165",37.2
"3166",37.5
"3167",37.5
"3168",36.8
"3169",36.3
"3170",36
"3171",36
"3172",35.5
"3173",35.4
"3174",35.1
"3175",34.8
"3176",34.5
"3177",34
"3178",34
"3179",34
"3180",34
"3181",34.2
"3182",34.5
"3183",34.5
"3184",34.5
"3185",34.5
"3186",34.5
"3187",34.2
"3188",34.5
"3189",34.5
"3190",35
"3191",35
"3192",35.1
"3193",35.2
"3194",35.4
"3195",35
"3196",35.4
"3197",35.5
"3198",35.2
"3199",35.4
"3200",35.5
"3201",35.5
"3202",35.5
"3203",35.4
"3204",35.4
"3205",35.5
"3206",35.5
"3207",35.1
"3208",35.3
"3209",35.5
"3210",35
"3211",35.5
"3212",35.5
"3213",35.2
"3214",35
"3215",35
"3216",35
"3217",34.5
"3218",34.4
"3219",35.2
"3220",35.7
"3221",36.5
"3222",36.5
"3223",35.6
"3224",35
"3225",35
"3226",34.5
"3227",34.2
"3228",33.3
"3229",32.5
"3230",31.5
"3231",30.9
"3232",30.6
"3233",30.2
"3234",30
"3235",29.6
"3236",29.2
"3237",28.9
"3238",28.5
"3239",28.5
"3240",28.4
"3241",28.1
"3242",28
"3243",28
"3244",27.6
"3245",27.5
"3246",27.5
"3247",27.5
"3248",27.2
"3249",27
"3250",26.9
"3251",26.5
"3252",26.5
"3253",26.5
"3254",26.5
"3255",26.2
"3256",26
"3257",26
"3258",26
"3259",26
"3260",26
"3261",25.9
"3262",25.5
"3263",25.5
"3264",25.4
"3265",25
"3266",24.8
"3267",24.7
"3268",24.4
"3269",23.6
"3270",23.1
"3271",22.5
"3272",22.6
"3273",22.3
"3274",22.7
"3275",22.9
"3276",23
"3277",23
"3278",22.9
"3279",22.6
"3280",22.8
"3281",22.7
"3282",21.9
"3283",21.4
"3284",21.2
"3285",21.5
"3286",21.7
"3287",22
"3288",22.6
"3289",23
"3290",24.2
"3291",26.1
"3292",27.5
"3293",28.4
"3294",29.3
"3295",30.1
"3296",30.5
"3297",31
"3298",31.6
"3299",32.5
"3300",32.8
"3301",33.1
"3302",33.8
"3303",34.4
"3304",34.9
"3305",35.3
"3306",35.8
"3307",36
"3308",36
"3309",36.5
"3310",36.2
"3311",36.3
"3312",35.5
"3313",35.2
"3314",35
"3315",35.1
"3316",35
"3317",34.7
"3318",34.3
"3319",33.8
"3320",33.5
"3321",33.5
"3322",34
"3323",34.1
"3324",34.5
"3325",34.5
"3326",34.5
"3327",34.5
"3328",34.5
"3329",35
"3330",35
"3331",35
"3332",35
"3333",35.3
"3334",35.5
"3335",35.5
"3336",35.5
"3337",35.6
"3338",36
"3339",36.3
"3340",36.5
"3341",36.5
"3342",37
"3343",37
"3344",37
"3345",37
"3346",37
"3347",36.9
"3348",37
"3349",37
"3350",37
"3351",37
"3352",37.2
"3353",37.5
"3354",37.5
"3355",37.5
"3356",37.5
"3357",37.1
"3358",35.9
"3359",34.8
"3360",33.2
"3361",33.5
"3362",34.2
"3363",35.3
"3364",36
"3365",36.8
"3366",37.5
"3367",36.9
"3368",36.5
"3369",36.2
"3370",35.5
"3371",35
"3372",34.1
"3373",32.8
"3374",32
"3375",31.1
"3376",30.5
"3377",30
"3378",29.8
"3379",29.5
"3380",29.3
"3381",29
"3382",29
"3383",29
"3384",29
"3385",28.8
"3386",28.8
"3387",28.5
"3388",28.5
"3389",28.5
"3390",28.5
"3391",28.4
"3392",28.3
"3393",28.2
"3394",28.4
"3395",28.3
"3396",28.1
"3397",28
"3398",28
"3399",28
"3400",28
"3401",28
"3402",28
"3403",27.5
"3404",27.5
"3405",27.5
"3406",27.5
"3407",27
"3408",26.9
"3409",26.5
"3410",26.5
"3411",26.2
"3412",26
"3413",26
"3414",26
"3415",26
"3416",26
"3417",26
"3418",25.9
"3419",25.5
"3420",25.5
"3421",24.9
"3422",24.6
"3423",23.6
"3424",22.5
"3425",22.3
"3426",22.7
"3427",22.9
"3428",23
"3429",22.8
"3430",23
"3431",22.9
"3432",22.9
"3433",22.5
"3434",25
"3435",26.5
"3436",27.8
"3437",28.8
"3438",30
"3439",30.8
"3440",32
"3441",33
"3442",33.5
"3443",34.3
"3444",34.8
"3445",35.3
"3446",36
"3447",36.5
"3448",37
"3449",37.4
"3450",37
"3451",37
"3452",37.5
"3453",37.5
"3454",37.7
"3455",37.8
"3456",37.6
"3457",37.1
"3458",37.5
"3459",37.5
"3460",36.8
"3461",36.3
"3462",35.8
"3463",35.5
"3464",35.5
"3465",35.6
"3466",35.8
"3467",36
"3468",36
"3469",36.5
"3470",36.5
"3471",36.5
"3472",36.7
"3473",37
"3474",37
"3475",37.5
"3476",37.5
"3477",37.5
"3478",37.5
"3479",37.8
"3480",38.3
"3481",38.5
"3482",38.5
"3483",38.5
"3484",38.6
"3485",38.7
"3486",38.8
"3487",39
"3488",39
"3489",39.3
"3490",39.5
"3491",39.3
"3492",39.2
"3493",39
"3494",39
"3495",39
"3496",39
"3497",39
"3498",39
"3499",39
"3500",39
"3501",38.9
"3502",38.5
"3503",37.8
"3504",37.8
"3505",37.9
"3506",37.6
"3507",37.6
"3508",38.3
"3509",38.8
"3510",38.8
"3511",38
"3512",37.2
"3513",36.7
"3514",36
"3515",35.5
"3516",35.2
"3517",34.6
"3518",34
"3519",33.2
"3520",32.9
"3521",32.4
"3522",31.9
"3523",31.5
"3524",31.2
"3525",31
"3526",30.8
"3527",30.5
"3528",30.5
"3529",30.5
"3530",30.4
"3531",30
"3532",30
"3533",30
"3534",30
"3535",29.8
"3536",29.5
"3537",29.5
"3538",29
"3539",29
"3540",28.5
"3541",28.5
"3542",28.5
"3543",28.5
"3544",28.1
"3545",28
"3546",28
"3547",28.1
"3548",28.4
"3549",28.5
"3550",28.5
"3551",28.5
"3552",28.1
"3553",28
"3554",27.6
"3555",27.3
"3556",27
"3557",26.6
"3558",26.5
"3559",26.5
"3560",26.5
"3561",26.5
"3562",26.5
"3563",26.5
"3564",26.5
"3565",26.5
"3566",26.5
"3567",26.4
"3568",26.2
"3569",26.3
"3570",26.5
"3571",26.5
"3572",26.5
"3573",26.5
"3574",26.8
"3575",27
"3576",27.4
"3577",27.2
"3578",27.6
"3579",28.4
"3580",29
"3581",30.2
"3582",30.5
"3583",30.5
"3584",30.5
"3585",30.5
"3586",30.5
"3587",30
"3588",30
"3589",29.6
"3590",27.6
"3591",26.5
"3592",26.1
"3593",26
"3594",26
"3595",26
"3596",26
"3597",26.2
"3598",26.5
"3599",26.7
"3600",27.2
"3601",27.5
"3602",28
"3603",28
"3604",28
"3605",28
"3606",28.5
"3607",28.5
"3608",28.5
"3609",28.7
"3610",28.7
"3611",28.5
"3612",28
"3613",28
"3614",28
"3615",28
"3616",28.5
"3617",28.9
"3618",29.6
"3619",30.2
"3620",30.8
"3621",31.2
"3622",31.8
"3623",32.3
"3624",32.8
"3625",33.2
"3626",33.5
"3627",34.2
"3628",34.5
"3629",34.7
"3630",35.2
"3631",35.4
"3632",35.9
"3633",36
"3634",36
"3635",36
"3636",36
"3637",35.7
"3638",35.5
"3639",35.1
"3640",35
"3641",35
"3642",35
"3643",35
"3644",35
"3645",35
"3646",35.2
"3647",35
"3648",35.2
"3649",35.2
"3650",35
"3651",34.8
"3652",34.5
"3653",34.5
"3654",34.6
"3655",34.5
"3656",34.6
"3657",35.2
"3658",35.4
"3659",35.1
"3660",34.2
"3661",33.1
"3662",32.2
"3663",31.2
"3664",30.8
"3665",30.2
"3666",29.7
"3667",29.2
"3668",28.8
"3669",28.5
"3670",28.5
"3671",28.5
"3672",28.2
"3673",28
"3674",28
"3675",27.9
"3676",27.6
"3677",27.4
"3678",27.1
"3679",27.1
"3680",27
"3681",27
"3682",26.5
"3683",26.5
"3684",26.5
"3685",26.5
"3686",26.5
"3687",26.5
"3688",26.5
"3689",26.6
"3690",26.9
"3691",26.5
"3692",26.5
"3693",26.4
"3694",26
"3695",26
"3696",26
"3697",26
"3698",26
"3699",26
"3700",25.6
"3701",25.5
"3702",25.5
"3703",25
"3704",24.5
"3705",23.6
"3706",22.6
"3707",22.5
"3708",22.4
"3709",22.2
"3710",22.4
"3711",23
"3712",23
"3713",23
"3714",23
"3715",22.9
"3716",22.9
"3717",23
"3718",23.1
"3719",23.2
"3720",22.8
"3721",24.4
"3722",25.5
"3723",26.7
"3724",27.8
"3725",28.1
"3726",28.8
"3727",30.1
"3728",31.2
"3729",32.5
"3730",33.5
"3731",34.5
"3732",34.6
"3733",35
"3734",35.5
"3735",35.8
"3736",36
"3737",35.8
"3738",35.8
"3739",36
"3740",36
"3741",35.7
"3742",35.8
"3743",36.2
"3744",35.5
"3745",35.5
"3746",36
"3747",36
"3748",35.5
"3749",35.5
"3750",35.3
"3751",35
"3752",35
"3753",35
"3754",35
"3755",35
"3756",35.2
"3757",35.5
"3758",35.5
"3759",35.5
"3760",36
"3761",36.6
"3762",37
"3763",37
"3764",37.2
"3765",37.3
"3766",37.5
"3767",37.5
"3768",37.6
"3769",37.7
"3770",38
"3771",37.8
"3772",37.5
"3773",37.8
"3774",37.5
"3775",37.7
"3776",37.8
"3777",37.5
"3778",37.5
"3779",37.5
"3780",37.5
"3781",37.5
"3782",37.8
"3783",37.7
"3784",37.8
"3785",37.8
"3786",37.9
"3787",37.5
"3788",37.5
"3789",37.5
"3790",37.5
"3791",37.5
"3792",37.5
"3793",37.5
"3794",37.4
"3795",37
"3796",36.8
"3797",36.3
"3798",35.7
"3799",35.5
"3800",34.8
"3801",34.3
"3802",33.8
"3803",33.2
"3804",33
"3805",32.5
"3806",32.2
"3807",31.9
"3808",31.4
"3809",30.6
"3810",29.7
"3811",27
"3812",24.6
"3813",23.1
"3814",22.6
"3815",22.4
"3816",22.6
"3817",22
"3818",22
"3819",22.6
"3820",23
"3821",22.6
"3822",21.2
"3823",21.5
"3824",21.6
"3825",22.2
"3826",22.9
"3827",23
"3828",23.1
"3829",22.8
"3830",22.4
"3831",22.5
"3832",22.5
"3833",23.1
"3834",22.4
"3835",21.3
"3836",21.9
"3837",22.8
"3838",22.9
"3839",22.8
"3840",22
"3841",22
"3842",22.4
"3843",22.5
"3844",22.6
"3845",22.9
"3846",22.9
"3847",23
"3848",22.7
"3849",22.8
"3850",22.5
"3851",22.5
"3852",22.8
"3853",23
"3854",23
"3855",23
"3856",22.9
"3857",22.8
"3858",22.5
"3859",22.5
"3860",22.5
"3861",22.5
"3862",22.5
"3863",22.9
"3864",22.8
"3865",22.5
"3866",22.5
"3867",22.3
"3868",23.2
"3869",23.1
"3870",22.4
"3871",22.4
"3872",22.2
"3873",22.9
"3874",24.7
"3875",25.7
"3876",26.4
"3877",27.3
"3878",27.5
"3879",27.5
"3880",27.4
"3881",26.8
"3882",26.5
"3883",26
"3884",25.9
"3885",25.1
"3886",24.7
"3887",24.6
"3888",24.4
"3889",23.3
"3890",23.6
"3891",24.6
"3892",24.9
"3893",24.8
"3894",24.9
"3895",25.5
"3896",26
"3897",26.9
"3898",27.7
"3899",28
"3900",28.2
"3901",28.5
"3902",28.5
"3903",28.8
"3904",29.1
"3905",29.5
"3906",30
"3907",30
"3908",30.4
"3909",30.2
"3910",30.5
"3911",30.7
"3912",31
"3913",30.9
"3914",31
"3915",31
"3916",31
"3917",31
"3918",31
"3919",31
"3920",31
"3921",31
"3922",31.3
"3923",31.9
"3924",32
"3925",32
"3926",31.8
"3927",31.5
"3928",31.6
"3929",31.5
"3930",31.5
"3931",31.5
"3932",31.5
"3933",31.8
"3934",32
"3935",32.1
"3936",32.2
"3937",32
"3938",32.5
"3939",33.2
"3940",32.8
"3941",31.8
"3942",30.7
"3943",29.9
"3944",28.8
"3945",28.3
"3946",28
"3947",27.5
"3948",27.2
"3949",26.9
"3950",26.5
"3951",26.5
"3952",26.5
"3953",26.1
"3954",26
"3955",26
"3956",26
"3957",26
"3958",26
"3959",26
"3960",25.6
"3961",25.5
"3962",25.4
"3963",24.9
"3964",24.6
"3965",24.2
"3966",23.6
"3967",23.5
"3968",23.5
"3969",23.2
"3970",23.1
"3971",22.6
"3972",22.3
"3973",22.8
"3974",23
"3975",22.5
"3976",22.1
"3977",22.1
"3978",22.5
"3979",22.5
"3980",22.2
"3981",22
"3982",22
"3983",22.1
"3984",22.2
"3985",22
"3986",22
"3987",22.1
"3988",22.1
"3989",22.5
"3990",22.5
"3991",22.5
"3992",22
"3993",22
"3994",22
"3995",22
"3996",22.1
"3997",22
"3998",22
"3999",22
"4000",22
"4001",21.9
"4002",21.5
"4003",21.5
"4004",21.5
"4005",21.5
"4006",21.5
"4007",21.5
"4008",21.5
"4009",21.8
"4010",22.2
"4011",22.4
"4012",22.5
"4013",22.3
"4014",22.1
"4015",24
"4016",26.2
"4017",27.4
"4018",28.2
"4019",29
"4020",29.6
"4021",30.5
"4022",31
"4023",31
"4024",30.8
"4025",31
"4026",30.9
"4027",31.3
"4028",31.6
"4029",32.2
"4030",32.2
"4031",31.9
"4032",31
"4033",31
"4034",31.5
"4035",31
"4036",30.2
"4037",30.5
"4038",30.6
"4039",30.7
"4040",30.6
"4041",30.8
"4042",31
"4043",31
"4044",31.1
"4045",30.8
"4046",30.7
"4047",30.5
"4048",30.5
"4049",31
"4050",31.5
"4051",31.8
"4052",32
"4053",32
"4054",32
"4055",32
"4056",32
"4057",31.6
"4058",31.8
"4059",32.3
"4060",32.3
"4061",32.2
"4062",31.9
"4063",31
"4064",31
"4065",31
"4066",31
"4067",31
"4068",31
"4069",30.6
"4070",30.5
"4071",30.8
"4072",31
"4073",31
"4074",31
"4075",31
"4076",30.5
"4077",30.5
"4078",30.3
"4079",30
"4080",30
"4081",30
"4082",29.9
"4083",30.4
"4084",30.4
"4085",30.1
"4086",29.8
"4087",29.1
"4088",28.9
"4089",28.9
"4090",28.5
"4091",28.1
"4092",28
"4093",27.6
"4094",27.2
"4095",26.9
"4096",26.5
"4097",26.2
"4098",26
"4099",26
"4100",25.5
"4101",25.5
"4102",25.5
"4103",25.5
"4104",25.5
"4105",25.1
"4106",24.8
"4107",24.5
"4108",24.5
"4109",24.5
"4110",24.5
"4111",24.3
"4112",24.1
"4113",23.3
"4114",22.8
"4115",22.2
"4116",22.6
"4117",23.1
"4118",22.9
"4119",22.5
"4120",21.5
"4121",21.3
"4122",21
"4123",21.7
"4124",22.5
"4125",22.8
"4126",22.6
"4127",22.4
"4128",21.8
"4129",21.6
"4130",21.8
"4131",21.7
"4132",21.6
"4133",21.6
"4134",21.8
"4135",21.9
"4136",22.4
"4137",22.1
"4138",22.4
"4139",22.5
"4140",22.5
"4141",22.5
"4142",22.5
"4143",22.5
"4144",22.4
"4145",22.2
"4146",22
"4147",22
"4148",22
"4149",22
"4150",22
"4151",22.1
"4152",22.5
"4153",22.4
"4154",22.2
"4155",24.8
"4156",26.2
"4157",27.5
"4158",28.5
"4159",29.2
"4160",29.8
"4161",30.4
"4162",30.5
"4163",31
"4164",32.1
"4165",32.8
"4166",33.7
"4167",34.6
"4168",35
"4169",35
"4170",35
"4171",35
"4172",35.2
"4173",35
"4174",34.6
"4175",34.5
"4176",34.3
"4177",34.9
"4178",34.5
"4179",34.1
"4180",33
"4181",32.3
"4182",32.3
"4183",32.3
"4184",32.5
"4185",32.8
"4186",32.9
"4187",33
"4188",33
"4189",33
"4190",33.5
"4191",34
"4192",34
"4193",34.2
"4194",34.5
"4195",34.7
"4196",35
"4197",35
"4198",35
"4199",35.1
"4200",35.5
"4201",35.5
"4202",36
"4203",36
"4204",36.4
"4205",36.5
"4206",36.5
"4207",36.3
"4208",36.5
"4209",36.5
"4210",36.3
"4211",36
"4212",35.2
"4213",35
"4214",35.1
"4215",35
"4216",35
"4217",35
"4218",34.5
"4219",34.5
"4220",34.5
"4221",34.8
"4222",35
"4223",35
"4224",34.8
"4225",34.5
"4226",34.1
"4227",33.8
"4228",33
"4229",33
"4230",32.8
"4231",32.3
"4232",32
"4233",31.5
"4234",31
"4235",30.9
"4236",30.5
"4237",30.5
"4238",30
"4239",29.9
"4240",29.5
"4241",29
"4242",28.6
"4243",28.5
"4244",28.5
"4245",28.5
"4246",28.3
"4247",28
"4248",28
"4249",28
"4250",28
"4251",28
"4252",28
"4253",28
"4254",27.6
"4255",27.5
"4256",27.5
"4257",27.2
"4258",27
"4259",26.8
"4260",26.5
"4261",26.5
"4262",26.5
"4263",26.5
"4264",26.5
"4265",26.5
"4266",26.5
"4267",26.5
"4268",26.4
"4269",26
"4270",26
"4271",26
"4272",26
"4273",26
"4274",26
"4275",26
"4276",26
"4277",26
"4278",25.5
"4279",25.5
"4280",25.5
"4281",25.1
"4282",24.8
"4283",24.5
"4284",24
"4285",23.5
"4286",23.5
"4287",23.1
"4288",22.7
"4289",22.3
"4290",22
"4291",22.7
"4292",23
"4293",22.9
"4294",23
"4295",22.7
"4296",22.2
"4297",23
"4298",24.8
"4299",25.5
"4300",26
"4301",26.2
"4302",26.8
"4303",27.4
"4304",27.5
"4305",27.8
"4306",28.4
"4307",29.5
"4308",30.5
"4309",31.4
"4310",30.9
"4311",31
"4312",30.9
"4313",30.8
"4314",30.5
"4315",31.1
"4316",31.9
"4317",31.5
"4318",31.1
"4319",31.4
"4320",32.2
"4321",32.7
"4322",32.5
"4323",32.5
"4324",32
"4325",31.5
